step,time,loss,lr
0,4.564922571182251,9.228459358215332,0.0
1,23.37544584274292,9.226286888122559,4e-05
2,27.947939157485962,9.177284240722656,8e-05
3,32.28247618675232,9.072710990905762,0.00012
4,36.56765961647034,8.917327880859375,0.00016
5,40.82571244239807,8.74914264678955,0.0002
6,45.09356951713562,8.534420013427734,0.00024
7,49.73826813697815,8.33215045928955,0.00028000000000000003
8,54.335326194763184,8.094520568847656,0.00032
9,59.01656198501587,7.851518630981445,0.00035999999999999997
10,63.395182847976685,7.624876976013184,0.0004
11,67.70186281204224,7.399740219116211,0.00044
12,72.1161892414093,7.132509708404541,0.00048
13,76.39589405059814,6.8812456130981445,0.0005200000000000001
14,80.95579600334167,6.638909816741943,0.0005600000000000001
15,85.25484824180603,6.344364166259766,0.0006
16,89.6239767074585,6.082447052001953,0.00064
17,93.97774243354797,5.894574165344238,0.00068
18,98.25232553482056,5.664157867431641,0.0007199999999999999
19,102.48778128623962,5.483129501342773,0.00076
20,106.73151135444641,5.32036018371582,0.0008
21,110.92883443832397,5.222273349761963,0.00084
22,115.21733045578003,5.17321252822876,0.00088
23,119.49418759346008,4.9315385818481445,0.00092
24,123.74819207191467,4.974063396453857,0.00096
25,127.97670674324036,4.834247589111328,0.001
26,132.21272563934326,4.732096195220947,0.0010400000000000001
27,136.4609944820404,4.647411346435547,0.00108
28,140.70072960853577,4.669778823852539,0.0011200000000000001
29,144.9713876247406,4.524465560913086,0.00116
30,149.24466252326965,4.582559108734131,0.0012
31,153.52135276794434,4.387302875518799,0.00124
32,157.8159110546112,4.330201625823975,0.00128
33,162.07475209236145,4.337228298187256,0.00132
34,166.6628441810608,4.2469096183776855,0.00136
35,171.10353183746338,4.308334827423096,0.0014
36,175.7515947818756,4.212616443634033,0.0014399999999999999
37,180.0429859161377,4.148069381713867,0.00148
38,184.69710969924927,4.097721099853516,0.00152
39,189.2716612815857,4.142892360687256,0.0015600000000000002
40,193.79140901565552,4.067658424377441,0.0016
41,198.32219576835632,3.930481195449829,0.00164
42,202.88769578933716,3.9922971725463867,0.00168
43,207.45410466194153,3.9656636714935303,0.00172
44,211.78375959396362,3.8874330520629883,0.00176
45,216.0536777973175,3.860030174255371,0.0018000000000000002
46,220.2962670326233,3.924086093902588,0.00184
47,224.6147735118866,3.8306713104248047,0.00188
48,228.95986080169678,3.7914321422576904,0.00192
49,233.21287178993225,3.8552749156951904,0.00196
50,237.47676825523376,3.855334520339966,0.002
51,241.78361821174622,3.827148675918579,0.0019999950788720964
52,246.16873216629028,3.8289096355438232,0.0019999803155422023
53,250.47850012779236,3.7255630493164062,0.0019999557101717668
54,254.73990321159363,3.771637201309204,0.0019999212630298704
55,259.01142835617065,3.671576738357544,0.001999876974493222
56,263.25313115119934,3.715454578399658,0.0019998228450461533
57,267.5779354572296,3.680534839630127,0.001999758875280616
58,271.85989570617676,3.6697254180908203,0.0019996850658961724
59,276.1561744213104,3.7248711585998535,0.00199960141769999
60,280.4474914073944,3.7216439247131348,0.0019995079316068335
61,284.7980580329895,3.6285881996154785,0.0019994046086390504
62,289.0761659145355,3.5803756713867188,0.0019992914499265646
63,293.3402512073517,3.5649242401123047,0.001999168456706861
64,297.6352472305298,3.5131723880767822,0.0019990356303249755
65,301.8963198661804,3.495790719985962,0.0019988929722334742
66,306.1979646682739,3.4822115898132324,0.0019987404839924444
67,310.4618399143219,3.4378442764282227,0.001998578167269472
68,314.7263972759247,3.4633140563964844,0.001998406023839628
69,319.0021941661835,3.43587064743042,0.0019982240555854445
70,323.26935839653015,3.4499688148498535,0.001998032264496897
71,327.53936433792114,3.4035725593566895,0.0019978306526713826
72,331.8258945941925,3.606842041015625,0.0019976192223136956
73,336.0786714553833,3.3582770824432373,0.001997397975736005
74,340.3520357608795,3.406367778778076,0.0019971669153578276
75,344.6198968887329,3.3785111904144287,0.001996926043706003
76,348.91168665885925,3.3356664180755615,0.001996675363414664
77,353.2118101119995,3.397228479385376,0.0019964148772252115
78,357.49498891830444,3.28993821144104,0.0019961445879862795
79,361.78623604774475,3.338430643081665,0.001995864498653708
80,366.1192157268524,3.339308500289917,0.0019955746122905104
81,370.4242238998413,3.318657398223877,0.001995274932066836
82,374.7823796272278,3.229212760925293,0.00199496546125994
83,379.1345090866089,3.3239192962646484,0.0019946462032541462
84,383.47249698638916,3.2349605560302734,0.0019943171615408083
85,387.84770488739014,3.2943780422210693,0.0019939783397182743
86,392.22218441963196,3.2643682956695557,0.001993629741491845
87,396.53617811203003,3.1741983890533447,0.001993271370673735
88,400.8370747566223,3.2243003845214844,0.00199290323118303
89,405.1353032588959,3.2869391441345215,0.0019925253270456447
90,409.70414781570435,3.250214099884033,0.0019921376623942776
91,414.2420473098755,3.2380285263061523,0.001991740241468368
92,418.51430892944336,3.219377040863037,0.001991333068614047
93,422.75714921951294,3.2380197048187256,0.0019909161482840917
94,427.01052379608154,3.1702449321746826,0.0019904894850378764
95,431.3544771671295,3.161871910095215,0.0019900530835413217
96,435.640584230423,3.2321925163269043,0.001989606948566844
97,439.9105088710785,3.1359140872955322,0.001989151084993305
98,444.22389912605286,3.1595396995544434,0.001988685497805955
99,448.48951506614685,3.1358447074890137,0.001988210192096381
100,452.75476479530334,3.136392116546631,0.00198772517306245
101,456.98791432380676,3.172738552093506,0.0019872304460082525
102,461.2325689792633,3.079066753387451,0.0019867260163440445
103,465.4681828022003,3.0986952781677246,0.001986211889586188
104,469.6872909069061,3.1848502159118652,0.00198568807135709
105,473.944863319397,3.056971311569214,0.001985154567385144
106,478.4016237258911,3.081202507019043,0.001984611383504663
107,482.9643442630768,3.017453908920288,0.00198405852565582
108,487.51844811439514,3.003427505493164,0.0019834959998845784
109,492.27666544914246,3.0777652263641357,0.001982923812342631
110,496.55384612083435,3.067420721054077,0.0019823419692873282
111,500.86719131469727,2.906461000442505,0.0019817504770816134
112,505.18892550468445,2.9701976776123047,0.00198114934219395
113,509.44725799560547,3.0294485092163086,0.001980538571198253
114,513.7532312870026,2.920860767364502,0.0019799181707738163
115,518.0268137454987,2.991513729095459,0.0019792881477052396
116,522.3343007564545,3.1042797565460205,0.0019786485088823533
117,526.6183407306671,2.9594247341156006,0.0019779992613001463
118,530.8539526462555,2.9246315956115723,0.0019773404120586855
119,535.1382069587708,2.9941611289978027,0.0019766719683630405
120,539.3981738090515,2.9667744636535645,0.001975993937523205
121,543.673938035965,2.897932291030884,0.0019753063269540155
122,547.944304227829,3.0392208099365234,0.0019746091441750708
123,552.257969379425,2.979620933532715,0.0019739023968106503
124,556.8152046203613,2.982351779937744,0.0019731860925896296
125,561.3942875862122,2.972278594970703,0.0019724602393453973
126,565.6560127735138,2.939354419708252,0.001971724845015768
127,569.9667670726776,2.9168782234191895,0.001970979917642896
128,574.253636598587,2.968100070953369,0.0019702254653731883
129,578.4820849895477,2.9256227016448975,0.0019694614964572135
130,582.7705979347229,2.9920387268066406,0.0019686880192496137
131,587.3135983943939,2.898838996887207,0.0019679050422090113
132,591.8155844211578,2.913717746734619,0.0019671125738979184
133,596.395400762558,2.9303674697875977,0.0019663106229826405
134,600.6211383342743,2.858403205871582,0.0019654991982331854
135,604.9006674289703,2.7812347412109375,0.0019646783085231633
136,609.2246134281158,2.7985057830810547,0.001963847962829693
137,613.4853119850159,2.7646255493164062,0.001963008170233302
138,617.7185943126678,2.855818271636963,0.001962158939917827
139,622.2304480075836,2.877696990966797,0.001961300281170316
140,626.582412481308,2.8047537803649902,0.0019604322033809217
141,630.9219846725464,2.8784470558166504,0.0019595547160428054
142,635.3078951835632,2.8258230686187744,0.001958667828752027
143,639.7284998893738,2.8306031227111816,0.001957771551207444
144,644.1663966178894,2.852912425994873,0.001956865893210604
145,648.7743937969208,2.817619800567627,0.0019559508646656383
146,653.4148473739624,2.849377155303955,0.001955026475579152
147,657.9543070793152,2.88676381111145,0.001954092736060116
148,662.4253432750702,2.769610643386841,0.0019531496563197563
149,666.9013237953186,2.8142223358154297,0.0019521972466714414
150,671.2384588718414,2.8462748527526855,0.001951235517530571
151,675.6806745529175,2.7164652347564697,0.0019502644794144612
152,680.0416181087494,2.7971315383911133,0.001949284142942229
153,684.4663212299347,2.787646770477295,0.0019482945188346768
154,689.2341647148132,2.790224075317383,0.0019472956179141753
155,693.6538355350494,2.6903157234191895,0.001946287451104545
156,698.3040118217468,2.7477011680603027,0.0019452700294309369
157,702.681901216507,2.830057144165039,0.0019442433640197113
158,707.0956678390503,2.7949812412261963,0.001943207466098316
159,711.5592000484467,2.7853493690490723,0.0019421623469951658
160,715.9284856319427,2.774596691131592,0.0019411080181395148
161,720.3292605876923,2.739610195159912,0.001940044491061335
162,724.7131390571594,2.6886792182922363,0.001938971777391188
163,729.0861728191376,2.7836949825286865,0.0019378898888600985
164,733.5147759914398,2.7261457443237305,0.0019367988372994262
165,737.9420142173767,2.7642874717712402,0.0019356986346407365
166,742.3459000587463,2.750220775604248,0.001934589292915669
167,746.8484466075897,2.7053327560424805,0.0019334708242558071
168,751.259842634201,2.6981444358825684,0.001932343240892545
169,755.6890089511871,2.8061559200286865,0.0019312065551569538
170,760.0824174880981,2.6622376441955566,0.0019300607794796463
171,764.5319783687592,2.7326908111572266,0.001928905926390642
172,768.9529922008514,2.6320364475250244,0.0019277420085192292
173,773.3505284786224,2.778611183166504,0.001926569038593827
174,777.7365386486053,2.5875754356384277,0.001925387029441847
175,782.1602079868317,2.7520198822021484,0.0019241959939895518
176,786.5958135128021,2.6634459495544434,0.001922995945261914
177,791.0182704925537,2.7179884910583496,0.0019217868963824747
178,795.5323700904846,2.665107488632202,0.001920568860573198
179,799.9295873641968,2.6936910152435303,0.0019193418511543293
180,804.3809752464294,2.7335329055786133,0.0019181058815442463
181,809.3039274215698,2.6620893478393555,0.001916860965259315
182,814.1978204250336,2.661250591278076,0.0019156071159137401
183,818.6498644351959,2.6711678504943848,0.0019143443472194176
184,823.4125702381134,2.6263136863708496,0.0019130726729857835
185,828.1723141670227,2.7650375366210938,0.0019117921071196632
186,832.8805019855499,2.6955623626708984,0.00191050266362512
187,837.6663966178894,2.779296398162842,0.0019092043566033014
188,842.025553226471,2.68300724029541,0.001907897200252285
189,846.4138045310974,2.6667189598083496,0.0019065812088669234
190,850.8805644512177,2.7021355628967285,0.0019052563968386873
191,855.4188995361328,2.6847822666168213,0.0019039227786555085
192,859.8388841152191,2.626204013824463,0.0019025803689016226
193,864.5304160118103,2.622206211090088,0.0019012291822574068
194,868.965092420578,2.6565933227539062,0.0018998692334992223
195,873.3812854290009,2.570042610168457,0.0018985005374992506
196,877.7225832939148,2.599668025970459,0.0018971231092253318
197,882.1019721031189,2.675260543823242,0.0018957369637408012
198,886.521984577179,2.5567774772644043,0.0018943421162043233
199,890.9862413406372,2.5773563385009766,0.0018929385818697274
200,895.4264743328094,2.576192855834961,0.0018915263760858401
201,910.3712022304535,2.5985019207000732,0.0018901055142963178
202,914.7536396980286,2.612262725830078,0.0018886760120394772
203,919.1420612335205,2.6322450637817383,0.001887237884948126
204,923.4963946342468,2.5434622764587402,0.0018857911487493919
205,927.9356887340546,2.5816783905029297,0.0018843358192645494
206,932.3398871421814,2.6118366718292236,0.0018828719124088498
207,936.714271068573,2.5712690353393555,0.0018813994441913427
208,941.0715396404266,2.6542561054229736,0.0018799184307147054
209,945.4689729213715,2.6476120948791504,0.0018784288881750638
210,949.8746864795685,2.603243112564087,0.0018769308328618166
211,954.2398538589478,2.616882801055908,0.0018754242811574564
212,958.706419467926,2.6684606075286865,0.0018739092495373914
213,963.0827553272247,2.575570583343506,0.0018723857545697646
214,967.4613118171692,2.5868663787841797,0.0018708538129152733
215,971.8122112751007,2.6453843116760254,0.0018693134413269852
216,976.2235646247864,2.594909906387329,0.0018677646566501577
217,980.6498129367828,2.5871808528900146,0.0018662074758220523
218,985.0123882293701,2.5925803184509277,0.0018646419158717482
219,989.356630563736,2.5531668663024902,0.0018630679939199586
220,993.8376083374023,2.51019024848938,0.0018614857271788418
221,998.2040603160858,2.5798072814941406,0.0018598951329518137
222,1002.5628294944763,2.5667576789855957,0.0018582962286333572
223,1006.94509100914,2.6352767944335938,0.0018566890317088345
224,1011.3158161640167,2.595670700073242,0.001855073559754293
225,1015.6798620223999,2.4685263633728027,0.0018534498304362758
226,1020.1017484664917,2.5390703678131104,0.001851817861511626
227,1024.4606251716614,2.446469306945801,0.001850177670827295
228,1028.8769094944,2.588785171508789,0.0018485292763201445
229,1033.5354635715485,2.5040578842163086,0.0018468726960167534
230,1038.30277967453,2.549116611480713,0.001845207948033218
231,1043.0925300121307,2.5582990646362305,0.001843535050574956
232,1047.8745141029358,2.4982876777648926,0.0018418540219365058
233,1052.6743643283844,2.469740629196167,0.001840164880501327
234,1057.1776797771454,2.579925060272217,0.0018384676447416
235,1061.5585284233093,2.44797945022583,0.0018367623332180233
236,1066.0862500667572,2.593965768814087,0.0018350489645796101
237,1070.4532458782196,2.4360239505767822,0.0018333275575634854
238,1074.7286779880524,2.5578958988189697,0.001831598130994681
239,1079.1077127456665,2.5520284175872803,0.001829860703785928
240,1083.5054094791412,2.5599565505981445,0.0018281152949374527
241,1087.7930233478546,2.500683307647705,0.0018263619235367662
242,1092.1609797477722,2.5266473293304443,0.0018246006087584577
243,1096.488294839859,2.492577075958252,0.0018228313698639828
244,1100.8393127918243,2.504868984222412,0.0018210542262014548
245,1105.147418498993,2.509939432144165,0.0018192691972054322
246,1109.666805267334,2.5887162685394287,0.0018174763023967064
247,1114.1399376392365,2.4617128372192383,0.0018156755613820872
248,1118.5581879615784,2.528475284576416,0.0018138669938541903
249,1122.9932889938354,2.4145030975341797,0.0018120506195912196
250,1127.4241108894348,2.538597345352173,0.0018102264584567544
251,1131.8783614635468,2.448648691177368,0.0018083945303995273
252,1136.297596693039,2.4935736656188965,0.001806554855453211
253,1140.660483121872,2.564556121826172,0.0018047074537361953
254,1145.0721485614777,2.504878520965576,0.0018028523454513697
255,1149.4966514110565,2.5327835083007812,0.0018009895508859014
256,1153.843104839325,2.4078683853149414,0.0017991190904110127
257,1158.1835057735443,2.458354949951172,0.00179724098448176
258,1162.6307587623596,2.4710378646850586,0.0017953552536368093
259,1167.0119593143463,2.5259594917297363,0.0017934619184982103
260,1171.4191269874573,2.4680259227752686,0.0017915609997711732
261,1176.080278635025,2.450648069381714,0.0017896525182438403
262,1180.7765746116638,2.4780349731445312,0.0017877364947870601
263,1185.4622721672058,2.4136834144592285,0.001785812950354158
264,1190.184180021286,2.478158950805664,0.001783881905980708
265,1194.9109387397766,2.473773241043091,0.0017819433827843015
266,1199.566675901413,2.5379533767700195,0.0017799974019643177
267,1204.7037155628204,2.4866180419921875,0.0017780439848016914
268,1209.9828033447266,2.4021410942077637,0.0017760831526586797
269,1214.6892457008362,2.464768409729004,0.0017741149269786284
270,1219.3967823982239,2.4240355491638184,0.0017721393292857385
271,1224.0700182914734,2.529806613922119,0.00177015638118483
272,1228.7126722335815,2.4423112869262695,0.001768166104361105
273,1233.360053062439,2.405857563018799,0.0017661685205799125
274,1237.9415118694305,2.4356088638305664,0.0017641636516865088
275,1242.566133737564,2.4215989112854004,0.0017621515196058187
276,1247.2357506752014,2.3859353065490723,0.001760132146342196
277,1251.7889952659607,2.464935302734375,0.0017581055539791833
278,1256.319857597351,2.447420358657837,0.0017560717646792705
279,1260.8773300647736,2.4461467266082764,0.0017540308006836508
280,1265.4118919372559,2.5167579650878906,0.0017519826843119801
281,1269.9547488689423,2.3877575397491455,0.0017499274379621306
282,1274.488022327423,2.4471731185913086,0.001747865084109947
283,1279.0582830905914,2.3596243858337402,0.0017457956453090008
284,1283.5866119861603,2.365478038787842,0.001743719144190343
285,1288.2046480178833,2.3234853744506836,0.0017416356034622574
286,1292.7870075702667,2.3964762687683105,0.0017395450459100114
287,1297.355213880539,2.4500882625579834,0.0017374474943956074
288,1301.8886518478394,2.463496208190918,0.001735342971857533
289,1306.446685552597,2.328923225402832,0.0017332315013105094
290,1311.0285613536835,2.2912774085998535,0.0017311131058452397
291,1315.5228962898254,2.397408962249756,0.001728987808628158
292,1320.049177646637,2.5010275840759277,0.001726855632901174
293,1324.5526521205902,2.3526220321655273,0.0017247166019814196
294,1329.0908563137054,2.3923325538635254,0.0017225707392609945
295,1333.600136756897,2.374026298522949,0.0017204180682067092
296,1338.0443184375763,2.4578747749328613,0.00171825861235983
297,1342.4912250041962,2.356010675430298,0.0017160923953358199
298,1346.9182229042053,2.4420855045318604,0.001713919440824081
299,1351.3659551143646,2.4655601978302,0.001711739772587696
300,1355.8184010982513,2.3176374435424805,0.001709553414463167
301,1360.2955248355865,2.369476318359375,0.0017073603903601567
302,1365.0612709522247,2.4947972297668457,0.001705160724261225
303,1369.793790102005,2.388144016265869,0.0017029544402215684
304,1374.523354768753,2.314080238342285,0.0017007415623687553
305,1379.2812654972076,2.344804286956787,0.0016985221149024635
306,1384.1363770961761,2.3743631839752197,0.0016962961220942149
307,1388.548208475113,2.3619489669799805,0.0016940636082871101
308,1392.9812369346619,2.4933738708496094,0.0016918245978955622
309,1397.4120464324951,2.454160451889038,0.0016895791154050304
310,1401.9284057617188,2.378176689147949,0.0016873271853717518
311,1406.4368243217468,2.3396005630493164,0.0016850688324224717
312,1411.006980895996,2.3935680389404297,0.001682804081254177
313,1415.6651701927185,2.354565143585205,0.001680532956633823
314,1420.1776237487793,2.4807095527648926,0.0016782554833980649
315,1424.7355089187622,2.4332470893859863,0.001675971686452985
316,1429.2928898334503,2.4689955711364746,0.001673681590773821
317,1433.7693567276,2.3669207096099854,0.001671385221404692
318,1438.3172895908356,2.3769750595092773,0.0016690826034583257
319,1442.8465139865875,2.309469223022461,0.0016667737621157833
320,1447.394236087799,2.384521961212158,0.0016644587226261835
321,1451.9178602695465,2.4398393630981445,0.0016621375103064273
322,1456.4734206199646,2.3884596824645996,0.0016598101505409207
323,1460.954933166504,2.4308090209960938,0.0016574766687812974
324,1465.4301209449768,2.3476004600524902,0.00165513709054614
325,1469.8833434581757,2.3415496349334717,0.0016527914414207012
326,1474.253310918808,2.3445048332214355,0.0016504397470566239
327,1478.6164546012878,2.3861379623413086,0.001648082033171661
328,1482.9877684116364,2.3108274936676025,0.0016457183255493943
329,1487.3359084129333,2.4165854454040527,0.0016433486500389508
330,1491.7148673534393,2.3812756538391113,0.0016409730325547226
331,1496.1019876003265,2.3962881565093994,0.0016385914990760821
332,1500.4923117160797,2.261080741882324,0.0016362040756470976
333,1504.8494036197662,2.3284196853637695,0.0016338107883762493
334,1509.2115454673767,2.2729499340057373,0.0016314116634361434
335,1513.5721526145935,2.379521369934082,0.001629006727063226
336,1517.9532079696655,2.389634132385254,0.0016265960055574956
337,1522.3413784503937,2.3636932373046875,0.0016241795252822165
338,1526.6763203144073,2.3513951301574707,0.00162175731266363
339,1531.0020153522491,2.2873268127441406,0.0016193293941906652
340,1535.37051987648,2.3276398181915283,0.0016168957964146492
341,1539.7182974815369,2.3139567375183105,0.0016144565459490178
342,1544.0958518981934,2.3044185638427734,0.0016120116694690232
343,1548.4705829620361,2.275423765182495,0.001609561193711443
344,1552.8027787208557,2.2814695835113525,0.001607105145474287
345,1557.166300535202,2.2347140312194824,0.0016046435516165055
346,1561.576700925827,2.2481937408447266,0.0016021764390576948
347,1566.2136054039001,2.2616264820098877,0.001599703834777802
348,1570.8446073532104,2.331428289413452,0.0015972257658168321
349,1575.2510948181152,2.2831263542175293,0.0015947422592745497
350,1579.6406083106995,2.311042547225952,0.0015922533423101844
351,1584.0400717258453,2.308967113494873,0.0015897590421421338
352,1588.4382584095001,2.259117364883423,0.0015872593860476643
353,1592.822324514389,2.281402826309204,0.001584754401362615
354,1597.1782386302948,2.3042795658111572,0.001582244115481097
355,1601.5964677333832,2.2297868728637695,0.0015797285558551944
356,1605.9656133651733,2.3914740085601807,0.0015772077499946644
357,1610.37064743042,2.3093438148498535,0.0015746817254666359
358,1614.779045343399,2.386538028717041,0.0015721505098953085
359,1619.1727392673492,2.251802682876587,0.0015696141309616495
360,1623.686250925064,2.26951265335083,0.0015670726164030938
361,1628.1917176246643,2.3485636711120605,0.0015645259940132363
362,1632.6002280712128,2.2420735359191895,0.0015619742916415324
363,1636.9915323257446,2.2905850410461426,0.0015594175371929895
364,1641.4255442619324,2.272371530532837,0.0015568557586278654
365,1645.8444225788116,2.3164730072021484,0.0015542889839613595
366,1650.343313217163,2.3439807891845703,0.0015517172412633081
367,1654.748852968216,2.2915289402008057,0.0015491405586578785
368,1659.1333422660828,2.250291347503662,0.001546558964323258
369,1663.5295157432556,2.3400542736053467,0.0015439724864913485
370,1667.933134317398,2.39046573638916,0.0015413811534474575
371,1672.4487798213959,2.2879838943481445,0.0015387849935299877
372,1676.918942451477,2.265789031982422,0.0015361840351301287
373,1681.2682492733002,2.3028178215026855,0.0015335783066915438
374,1685.5998711585999,2.287701368331909,0.0015309678367100624
375,1689.9965419769287,2.2306528091430664,0.0015283526537333665
376,1694.372815132141,2.204453468322754,0.001525732786360677
377,1698.7668850421906,2.26731014251709,0.0015231082632424443
378,1703.1800060272217,2.314894199371338,0.0015204791130800327
379,1707.5652968883514,2.3208673000335693,0.0015178453646254074
380,1712.0120022296906,2.3812243938446045,0.0015152070466808191
381,1716.4963357448578,2.1908864974975586,0.0015125641880984904
382,1720.8894882202148,2.2288053035736084,0.0015099168177802992
383,1725.3042612075806,2.23677396774292,0.0015072649646774635
384,1729.7730221748352,2.260085105895996,0.0015046086577902235
385,1734.181180715561,2.168271541595459,0.0015019479261675261
386,1738.6053705215454,2.1674184799194336,0.0014992827989067058
387,1742.896334886551,2.38893985748291,0.0014966133051531672
388,1747.1774034500122,2.183039903640747,0.0014939394741000666
389,1751.4785313606262,2.2344794273376465,0.0014912613349879922
390,1755.8064873218536,2.3052594661712646,0.0014885789171046435
391,1760.0642144680023,2.1813788414001465,0.0014858922497845138
392,1764.2980511188507,2.2633066177368164,0.0014832013624085654
393,1768.568759918213,2.1813364028930664,0.0014805062844039122
394,1772.8489563465118,2.3793179988861084,0.0014778070452434952
395,1777.147600889206,2.220494270324707,0.0014751036744457614
396,1781.4586386680603,2.263422966003418,0.001472396201574341
397,1785.7864484786987,2.24825382232666,0.001469684656237723
398,1790.0745582580566,2.2698707580566406,0.0014669690680889334
399,1794.355165719986,2.310673713684082,0.0014642494668252086
400,1798.6557886600494,2.2415833473205566,0.0014615258821876727
401,1813.2365968227386,2.1849026679992676,0.0014587983439610106
402,1817.5566272735596,2.2076547145843506,0.0014560668819731436
403,1821.8716361522675,2.2243127822875977,0.0014533315260949022
404,1826.191120147705,2.254659652709961,0.0014505923062397004
405,1830.4796574115753,2.2425167560577393,0.0014478492523632071
406,1834.7382280826569,2.3050103187561035,0.0014451023944630206
407,1839.0043909549713,2.2035090923309326,0.0014423517625783383
408,1843.3609166145325,2.2736454010009766,0.0014395973867896304
409,1847.6640105247498,2.2257423400878906,0.0014368392972183082
410,1851.9533424377441,2.2092394828796387,0.0014340775240263986
411,1856.216356754303,2.2034175395965576,0.0014313120974162104
412,1860.508445739746,2.2025303840637207,0.0014285430476300052
413,1864.796273946762,2.249721050262451,0.0014257704049496687
414,1869.0616381168365,2.247269630432129,0.0014229941996963765
415,1873.3334176540375,2.183519124984741,0.001420214462230265
416,1877.6445410251617,2.3015201091766357,0.0014174312229500972
417,1881.909487247467,2.209491729736328,0.001414644512292932
418,1886.2317497730255,2.175807476043701,0.0014118543607337913
419,1890.5780341625214,2.1905264854431152,0.001409060798785325
420,1894.869642496109,2.1491289138793945,0.0014062638569974789
421,1899.184531211853,2.3178462982177734,0.0014034635659571605
422,1903.4358794689178,2.204988479614258,0.0014006599562879042
423,1907.7335908412933,2.19867205619812,0.0013978530586495356
424,1912.0796744823456,2.205461263656616,0.0013950429037378378
425,1916.3687343597412,2.359194755554199,0.0013922295222842153
426,1920.6558485031128,2.2031192779541016,0.001389412945055356
427,1924.9329080581665,2.190112590789795,0.0013865932028528979
428,1929.2645826339722,2.198827028274536,0.0013837703265130894
429,1933.5805160999298,2.1218693256378174,0.0013809443469064544
430,1937.9298148155212,2.2415623664855957,0.0013781152949374528
431,1942.321570634842,2.204793930053711,0.0013752832015441437
432,1946.7122240066528,2.228013277053833,0.001372448097697847
433,1951.0772581100464,2.2537450790405273,0.0013696100144028037
434,1955.7554001808167,2.1316304206848145,0.0013667689826958383
435,1960.4776697158813,2.1473357677459717,0.0013639250336460185
436,1964.8575925827026,2.256803035736084,0.0013610781983543151
437,1969.135945558548,2.2207393646240234,0.0013582285079532627
438,1973.3884875774384,2.235720157623291,0.0013553759936066193
439,1977.6100571155548,2.1865243911743164,0.0013525206865090248
440,1981.8800082206726,2.1457676887512207,0.0013496626178856601
441,1986.4835789203644,2.138658046722412,0.0013468018189919057
442,1990.7268183231354,2.262430191040039,0.001343938321113
443,1994.9491522312164,2.247598171234131,0.0013410721555636967
444,1999.5233836174011,2.2372779846191406,0.0013382033536879236
445,2004.092850446701,2.2292823791503906,0.001335331946858438
446,2008.6856377124786,2.143195390701294,0.001332457966476485
447,2012.9476149082184,2.1586246490478516,0.0013295814439714536
448,2017.2695662975311,2.2254085540771484,0.0013267024108005335
449,2021.5858616828918,2.1998822689056396,0.0013238208984483696
450,2025.8995606899261,2.2540090084075928,0.0013209369384267193
451,2030.2443096637726,2.1651718616485596,0.0013180505622741078
452,2034.568374633789,2.2002575397491455,0.001315161801555482
453,2038.8488700389862,2.2134547233581543,0.0013122706878618666
454,2043.105978012085,2.183854818344116,0.0013093772528100173
455,2047.3777351379395,2.133967399597168,0.0013064815280420766
456,2051.7021646499634,2.1275134086608887,0.0013035835452252264
457,2055.99618434906,2.1595442295074463,0.0013006833360513425
458,2060.5058512687683,2.117827892303467,0.0012977809322366478
459,2064.8496656417847,2.177938938140869,0.001294876365521366
460,2069.226826906204,2.1281542778015137,0.0012919696676693723
461,2073.6163387298584,2.037100076675415,0.0012890608704678494
462,2078.1554169654846,2.150942802429199,0.0012861500057269372
463,2082.495533466339,2.253042459487915,0.0012832371052793863
464,2086.8347175121307,2.1205317974090576,0.0012803222009802092
465,2091.148555278778,2.207728385925293,0.0012774053247063323
466,2095.4451475143433,2.2003328800201416,0.0012744865083562475
467,2099.7562453746796,2.1377928256988525,0.0012715657838496624
468,2104.0450756549835,2.1720242500305176,0.0012686431831271524
469,2108.3650047779083,2.182894706726074,0.0012657187381498105
470,2112.657697916031,2.196444272994995,0.001262792480898899
471,2116.943299770355,2.222902774810791,0.0012598644433754979
472,2121.2142355442047,2.1978683471679688,0.0012569346576001565
473,2125.4597041606903,2.094221353530884,0.001254003155612543
474,2129.677192211151,2.201234817504883,0.0012510699694710929
475,2133.942838191986,2.2204089164733887,0.0012481351312526607
476,2138.216253757477,2.125415325164795,0.001245198673052166
477,2142.822330713272,2.2344391345977783,0.0012422606269822459
478,2147.072693824768,2.1244406700134277,0.0012393210251729016
479,2151.3395371437073,2.197465419769287,0.0012363798997711464
480,2155.6406371593475,2.164646863937378,0.0012334372829406579
481,2159.866238117218,2.221479892730713,0.0012304932068614215
482,2164.1461374759674,2.171834945678711,0.001227547703729382
483,2168.688532114029,2.2643332481384277,0.0012246008057560888
484,2173.27037024498,2.2102956771850586,0.0012216525451683473
485,2177.8837163448334,2.171926736831665,0.0012187029542078624
486,2182.426656961441,2.155376434326172,0.0012157520651308877
487,2186.6652069091797,2.1209425926208496,0.001212799910207874
488,2190.9021010398865,2.0809683799743652,0.0012098465217231142
489,2195.168510913849,2.1515109539031982,0.001206891931974392
490,2199.4098892211914,2.066183090209961,0.0012039361732726279
491,2203.6971683502197,2.1522984504699707,0.0012009792779415242
492,2208.0122270584106,2.161149024963379,0.0011980212783172155
493,2212.2466735839844,2.1322174072265625,0.0011950622067479113
494,2216.5043494701385,2.151960849761963,0.0011921020955935446
495,2220.7803003787994,2.1606404781341553,0.0011891409772254167
496,2225.038553953171,2.135067939758301,0.0011861788840258432
497,2229.2867560386658,2.120018243789673,0.0011832158483878012
498,2233.5502910614014,2.166205644607544,0.0011802519027145737
499,2237.811163663864,2.1313998699188232,0.0011772870794193955
500,2242.1025269031525,2.200105667114258,0.0011743214109250992
501,2246.3452303409576,2.0697431564331055,0.0011713549296637601
502,2250.629699230194,2.1770784854888916,0.0011683876680763428
503,2254.8608405590057,2.0777294635772705,0.001165419658612344
504,2259.129101753235,2.1638331413269043,0.0011624509337294397
505,2263.3948287963867,2.133845806121826,0.0011594815258931294
506,2267.710383415222,2.1492600440979004,0.0011565114675763822
507,2271.96208691597,2.090726852416992,0.0011535407912592792
508,2276.219915151596,2.118427276611328,0.0011505695294286608
509,2280.478579759598,2.119184970855713,0.001147597714577771
510,2284.763199329376,2.0117087364196777,0.0011446253792059
511,2289.0963537693024,2.199824571609497,0.001141652555818032
512,2293.5059292316437,2.123737335205078,0.0011386792769244865
513,2297.8808555603027,2.0818185806274414,0.0011357055750405658
514,2302.2310540676117,2.144611358642578,0.001132731482686197
515,2306.583916425705,2.1412155628204346,0.0011297570323855774
516,2310.9951677322388,2.169344902038574,0.0011267822566668193
517,2315.416625022888,2.0934195518493652,0.001123807188061593
518,2319.8002014160156,2.144230604171753,0.0011208318591047724
519,2324.125034093857,2.110461473464966,0.0011178563023340783
520,2328.543889760971,2.1193830966949463,0.0011148805502897228
521,2332.9120938777924,2.0847325325012207,0.0011119046355140532
522,2337.581395626068,2.151148557662964,0.0011089285905511966
523,2341.932430744171,2.078038215637207,0.0011059524479467048
524,2346.3695509433746,2.141582489013672,0.0011029762402471957
525,2350.767796754837,2.0178327560424805,0.0011
526,2355.144779920578,2.147116184234619,0.0010970237597528044
527,2359.5127243995667,2.1955909729003906,0.0010940475520532953
528,2364.111400127411,2.1554245948791504,0.0010910714094488033
529,2368.714632987976,2.14313006401062,0.0010880953644859471
530,2373.3627891540527,2.088409423828125,0.0010851194497102773
531,2377.992775440216,2.1770846843719482,0.0010821436976659218
532,2382.306407213211,2.1045806407928467,0.0010791681408952277
533,2386.6256291866302,2.156691074371338,0.0010761928119384068
534,2391.22620344162,2.1884665489196777,0.0010732177433331808
535,2395.895879983902,2.078780174255371,0.0010702429676144225
536,2400.2371504306793,2.099853992462158,0.0010672685173138032
537,2404.585194349289,2.1209278106689453,0.0010642944249594343
538,2408.906985282898,2.060292959213257,0.0010613207230755137
539,2413.217213869095,2.1158065795898438,0.0010583474441819682
540,2417.515298604965,2.0731987953186035,0.0010553746207941
541,2421.894325017929,2.1826469898223877,0.0010524022854222293
542,2426.172303676605,2.097350835800171,0.0010494304705713391
543,2430.4353313446045,2.0549373626708984,0.001046459208740721
544,2434.7348906993866,2.1054439544677734,0.001043488532423618
545,2439.083566427231,2.074955940246582,0.0010405184741068706
546,2443.3562138080597,2.0169620513916016,0.0010375490662705605
547,2447.656321287155,2.0571274757385254,0.001034580341387656
548,2451.9188001155853,2.1557469367980957,0.0010316123319236573
549,2456.301929950714,2.1370370388031006,0.0010286450703362396
550,2460.573760032654,2.1455488204956055,0.001025678589074901
551,2464.8726987838745,2.0901031494140625,0.0010227129205806046
552,2469.4849333763123,2.0927398204803467,0.0010197480972854267
553,2474.1424181461334,2.0565967559814453,0.0010167841516121989
554,2478.7731580734253,2.1294357776641846,0.001013821115974157
555,2483.3127574920654,2.0368432998657227,0.0010108590227745837
556,2487.9062538146973,2.0749077796936035,0.0010078979044064555
557,2492.4461584091187,2.0292768478393555,0.001004937793252089
558,2496.9933001995087,2.0891366004943848,0.0010019787216827847
559,2501.5820565223694,2.0560786724090576,0.0009990207220584761
560,2506.163815498352,2.1198158264160156,0.0009960638267273725
561,2510.764692544937,2.1293137073516846,0.0009931080680256079
562,2515.3275775909424,2.107747793197632,0.0009901534782768859
563,2519.9269511699677,2.0508604049682617,0.0009872000897921261
564,2524.578013420105,2.0996451377868652,0.0009842479348691126
565,2529.144795894623,2.0938925743103027,0.000981297045792138
566,2533.3925955295563,2.0471532344818115,0.000978347454831653
567,2537.681128501892,2.102421760559082,0.0009753991942439112
568,2541.99391412735,2.0197010040283203,0.0009724522962706181
569,2546.5243904590607,2.111867904663086,0.0009695067931385787
570,2551.1170811653137,2.1031174659729004,0.000966562717059342
571,2555.652132511139,2.0539941787719727,0.0009636201002288537
572,2560.2367599010468,2.010268211364746,0.0009606789748270988
573,2564.574337720871,2.0484347343444824,0.0009577393730177544
574,2568.879894256592,2.0097408294677734,0.0009548013269478342
575,2573.511492729187,2.119338035583496,0.0009518648687473393
576,2578.1422419548035,2.0611109733581543,0.000948930030528907
577,2582.901503801346,2.1571006774902344,0.0009459968443874569
578,2587.477093219757,2.061344623565674,0.0009430653423998436
579,2592.1008262634277,2.0309104919433594,0.0009401355566245022
580,2596.452271938324,2.080721855163574,0.0009372075191011013
581,2600.782557487488,2.058560371398926,0.0009342812618501896
582,2605.066437959671,2.0866918563842773,0.0009313568168728476
583,2609.344689846039,2.0408401489257812,0.000928434216150338
584,2613.8087062835693,2.099018096923828,0.0009255134916437526
585,2618.202228307724,2.0734429359436035,0.0009225946752936678
586,2622.598076105118,2.0851893424987793,0.0009196777990197909
587,2627.0028285980225,2.0374765396118164,0.000916762894720614
588,2631.4543335437775,2.0318541526794434,0.000913849994273063
589,2635.846812725067,2.0982391834259033,0.0009109391295321508
590,2640.205358505249,2.0014572143554688,0.000908030332330628
591,2644.666403770447,2.0625882148742676,0.0009051236344786343
592,2649.121288537979,2.1099681854248047,0.0009022190677633521
593,2653.56716299057,2.059967041015625,0.0008993166639486575
594,2657.956299304962,2.1483688354492188,0.000896416454774774
595,2662.405575275421,1.9825372695922852,0.0008935184719579236
596,2666.8033199310303,2.019592761993408,0.0008906227471899827
597,2671.2203187942505,1.9840779304504395,0.0008877293121381336
598,2675.615993976593,2.0326008796691895,0.0008848381984445179
599,2680.0336620807648,1.9692013263702393,0.0008819494377258924
600,2684.474424123764,1.959666132926941,0.0008790630615732808
601,2699.7813379764557,1.9645236730575562,0.0008761791015516308
602,2704.195777654648,2.0646119117736816,0.0008732975891994668
603,2708.775453567505,2.0544614791870117,0.0008704185560285463
604,2713.5046060085297,2.0692503452301025,0.0008675420335235152
605,2717.793375015259,1.9846720695495605,0.0008646680531415622
606,2722.1280312538147,2.1122493743896484,0.0008617966463120766
607,2726.754096508026,1.988624095916748,0.0008589278444363033
608,2731.086333990097,2.042025566101074,0.0008560616788870003
609,2735.402326107025,1.9889546632766724,0.0008531981810080944
610,2739.6961221694946,2.044163703918457,0.00085033738211434
611,2743.95423412323,2.030933380126953,0.0008474793134909751
612,2748.250992536545,1.9154459238052368,0.0008446240063933804
613,2752.5491786003113,2.035782814025879,0.0008417714920467373
614,2756.840808868408,2.1140081882476807,0.000838921801645685
615,2761.112617492676,1.9505728483200073,0.0008360749663539818
616,2765.406509876251,2.047516345977783,0.0008332310173041617
617,2769.717561483383,1.9841678142547607,0.0008303899855971966
618,2774.0372009277344,2.118483781814575,0.0008275519023021532
619,2778.3124492168427,1.988362193107605,0.0008247167984558563
620,2782.6186389923096,2.0773825645446777,0.0008218847050625473
621,2786.9584856033325,2.067384958267212,0.0008190556530935456
622,2791.231965780258,2.042654275894165,0.0008162296734869107
623,2795.503643989563,2.005141258239746,0.0008134067971471023
624,2799.7355539798737,2.029938220977783,0.0008105870549446443
625,2804.055804491043,2.0282323360443115,0.0008077704777157849
626,2808.3462047576904,2.0238707065582275,0.000804957096262162
627,2812.639319419861,1.972774624824524,0.0008021469413504645
628,2816.9638624191284,1.9874249696731567,0.0007993400437120961
629,2821.244559288025,2.0250635147094727,0.0007965364340428398
630,2825.5533607006073,2.039304733276367,0.0007937361430025211
631,2829.919256925583,2.0342559814453125,0.0007909392012146755
632,2834.2218294143677,1.986491084098816,0.0007881456392662088
633,2838.551463365555,2.103024482727051,0.0007853554877070678
634,2842.9234657287598,2.0813379287719727,0.0007825687770499029
635,2847.278954267502,2.012417793273926,0.0007797855377697351
636,2851.613122701645,2.009509801864624,0.0007770058003036236
637,2855.8975880146027,2.0909318923950195,0.0007742295950503313
638,2860.167657852173,1.9949673414230347,0.0007714569523699949
639,2864.464854955673,2.0145483016967773,0.0007686879025837898
640,2868.752470254898,1.9760901927947998,0.0007659224759736012
641,2873.0327208042145,1.95206618309021,0.0007631607027816917
642,2877.2796490192413,2.0641751289367676,0.0007604026132103698
643,2881.531365633011,2.072097063064575,0.0007576482374216618
644,2885.7662482261658,1.9771966934204102,0.0007548976055369794
645,2890.018997192383,1.9403612613677979,0.0007521507476367932
646,2894.2729551792145,2.002115249633789,0.0007494076937603
647,2898.5253925323486,1.9662766456604004,0.0007466684739050977
648,2902.8206152915955,2.1336255073547363,0.0007439331180268567
649,2907.092110157013,1.9149723052978516,0.0007412016560389894
650,2911.3429043293,1.9839003086090088,0.0007384741178123276
651,2915.6005351543427,1.9885069131851196,0.0007357505331747916
652,2919.868255376816,1.9857144355773926,0.0007330309319110669
653,2924.135717391968,2.056382179260254,0.0007303153437622772
654,2928.462960958481,2.0289130210876465,0.0007276037984256591
655,2932.840214252472,2.0850892066955566,0.0007248963255542388
656,2937.122965812683,2.0160417556762695,0.000722192954756505
657,2941.42426609993,2.02594256401062,0.0007194937155960878
658,2945.671526670456,2.002811908721924,0.0007167986375914346
659,2949.959342956543,2.031342029571533,0.0007141077502154865
660,2954.238382101059,2.073629856109619,0.0007114210828953564
661,2958.5871362686157,2.080687999725342,0.0007087386650120079
662,2962.900151491165,2.0425405502319336,0.0007060605258999333
663,2967.2269389629364,2.0627238750457764,0.0007033866948468327
664,2971.5006749629974,1.983306646347046,0.0007007172010932946
665,2975.782793521881,1.9661953449249268,0.0006980520738324741
666,2980.143835544586,2.0938456058502197,0.0006953913422097769
667,2984.4902803897858,2.016303539276123,0.0006927350353225365
668,2988.8171696662903,1.993526577949524,0.0006900831822197006
669,2993.152272462845,1.991804599761963,0.0006874358119015099
670,2997.4723060131073,1.9458091259002686,0.0006847929533191811
671,3001.8093876838684,2.0109500885009766,0.000682154635374593
672,3006.0702736377716,2.051079273223877,0.0006795208869199672
673,3010.3395566940308,2.141359329223633,0.000676891736757556
674,3014.6072521209717,1.9926555156707764,0.0006742672136393233
675,3018.840686559677,2.072032928466797,0.0006716473462666338
676,3023.083107948303,2.1023387908935547,0.0006690321632899373
677,3027.3405900001526,1.9693678617477417,0.0006664216933084562
678,3031.5370852947235,1.9958328008651733,0.0006638159648698718
679,3035.7660145759583,1.9258041381835938,0.0006612150064700124
680,3040.0601811408997,2.0113797187805176,0.0006586188465525429
681,3044.33526468277,1.9719889163970947,0.0006560275135086515
682,3048.6426882743835,2.0379233360290527,0.0006534410356767419
683,3052.909227848053,1.9379074573516846,0.0006508594413421215
684,3057.194931745529,2.018734931945801,0.0006482827587366916
685,3061.5013308525085,1.9807617664337158,0.0006457110160386409
686,3065.819832086563,2.014857769012451,0.0006431442413721346
687,3070.112807035446,1.9301204681396484,0.0006405824628070107
688,3074.3913593292236,2.048128128051758,0.0006380257083584679
689,3078.6301357746124,2.0013115406036377,0.0006354740059867636
690,3082.912350177765,2.0258913040161133,0.0006329273835969066
691,3087.165093421936,2.024609088897705,0.0006303858690383503
692,3091.7453718185425,1.9239559173583984,0.000627849490104692
693,3096.3703606128693,1.9612500667572021,0.0006253182745333643
694,3100.6741240024567,1.9517600536346436,0.0006227922500053359
695,3105.272912979126,2.0470335483551025,0.0006202714441448058
696,3109.9386625289917,2.051682472229004,0.0006177558845189028
697,3114.1880707740784,1.9698745012283325,0.000615245598637385
698,3118.458289384842,2.007219076156616,0.0006127406139523358
699,3122.723480939865,2.0499727725982666,0.0006102409578578669
700,3127.032762527466,1.9633427858352661,0.000607746657689816
701,3131.2921907901764,1.9216859340667725,0.0006052577407254507
702,3135.5813307762146,1.993811845779419,0.0006027742341831681
703,3139.8283681869507,1.9907758235931396,0.000600296165222198
704,3144.1284189224243,2.079113006591797,0.0005978235609423056
705,3148.3780670166016,1.9961820840835571,0.0005953564483834946
706,3152.660106420517,1.9413706064224243,0.0005928948545257132
707,3156.9433517456055,2.00221586227417,0.0005904388062885572
708,3161.204968214035,2.0645501613616943,0.0005879883305309771
709,3165.465834379196,1.9323785305023193,0.0005855434540509823
710,3169.7572643756866,1.8949552774429321,0.0005831042035853508
711,3174.11878991127,2.0712292194366455,0.0005806706058093349
712,3178.7100801467896,1.986562728881836,0.00057824268733637
713,3183.3061838150024,1.931929349899292,0.0005758204747177837
714,3187.547462940216,1.9371294975280762,0.0005734039944425047
715,3192.129417657852,2.03951358795166,0.0005709932729367743
716,3196.7103836536407,2.0226151943206787,0.0005685883365638566
717,3201.2568833827972,1.9012802839279175,0.0005661892116237506
718,3205.821455001831,1.980597972869873,0.0005637959243529027
719,3210.371261358261,1.9459234476089478,0.0005614085009239181
720,3214.923534631729,1.946859359741211,0.0005590269674452774
721,3219.2005269527435,1.9278838634490967,0.0005566513499610493
722,3223.8131222724915,1.9482483863830566,0.000554281674450606
723,3228.1200346946716,1.906529188156128,0.000551917966828339
724,3232.4120423793793,1.9430911540985107,0.0005495602529433762
725,3236.959764480591,1.9047318696975708,0.000547208558579299
726,3241.2280027866364,1.947969913482666,0.0005448629094538601
727,3245.5015947818756,1.9520190954208374,0.0005425233312187029
728,3250.066204071045,1.95680570602417,0.0005401898494590795
729,3254.3318605422974,1.9429435729980469,0.000537862489693573
730,3258.616292476654,1.9948267936706543,0.0005355412773738167
731,3262.917964220047,2.019822597503662,0.0005332262378842168
732,3267.1776328086853,1.99416184425354,0.0005309173965416745
733,3271.464030265808,1.8778002262115479,0.0005286147785953083
734,3275.794010400772,1.9197393655776978,0.0005263184092261792
735,3280.0464708805084,1.9490180015563965,0.000524028313547015
736,3284.3112013339996,1.976470947265625,0.0005217445166019355
737,3288.571197986603,1.994719386100769,0.0005194670433661771
738,3292.845112323761,1.9004555940628052,0.000517195918745823
739,3297.1006577014923,1.9241876602172852,0.0005149311675775281
740,3301.385507106781,2.0281548500061035,0.0005126728146282481
741,3305.620888233185,1.9776525497436523,0.0005104208845949696
742,3309.9286370277405,1.922585368156433,0.000508175402104438
743,3314.216164588928,1.9749544858932495,0.0005059363917128902
744,3318.461083173752,1.9737939834594727,0.0005037038779057853
745,3322.779983997345,1.9708307981491089,0.0005014778850975365
746,3327.055042743683,2.0197181701660156,0.0004992584376312449
747,3331.332342863083,1.979081630706787,0.0004970455597784316
748,3335.6299724578857,1.9742577075958252,0.0004948392757387748
749,3339.9342682361603,1.9714709520339966,0.0004926396096398432
750,3344.212898492813,2.024986743927002,0.0004904465855368332
751,3348.547329187393,1.9111371040344238,0.0004882602274123044
752,3352.794469356537,2.0143136978149414,0.00048608055917591917
753,3357.128785133362,1.9514946937561035,0.00048390760466418016
754,3361.355565071106,1.9550607204437256,0.0004817413876401699
755,3365.655945301056,1.8565889596939087,0.00047958193179329083
756,3370.299082517624,1.9999654293060303,0.0004774292607390056
757,3374.8717958927155,1.970869541168213,0.0004752833980185807
758,3379.4653561115265,1.9005883932113647,0.00047314436709882594
759,3384.050798177719,1.7815065383911133,0.0004710121913718418
760,3388.3235733509064,1.9016351699829102,0.0004688868941547603
761,3392.613080263138,1.9224298000335693,0.00046676849868949074
762,3396.896322965622,1.879500150680542,0.00046465702814246725
763,3401.1879737377167,1.9978361129760742,0.0004625525056043923
764,3405.475109100342,1.9325048923492432,0.00046045495408998877
765,3409.754111766815,1.9228603839874268,0.0004583643965377427
766,3414.0013105869293,1.9982354640960693,0.0004562808558096572
767,3418.3622896671295,1.9880812168121338,0.0004542043546909995
768,3422.6610100269318,1.840856671333313,0.0004521349158900529
769,3426.988132953644,1.956011176109314,0.0004500725620378696
770,3431.234377861023,1.9334274530410767,0.00044801731568802
771,3435.4912769794464,1.9392001628875732,0.0004459691993163494
772,3439.766051530838,1.9442057609558105,0.0004439282353207298
773,3444.0597836971283,1.9172275066375732,0.0004418944460208167
774,3448.333203792572,1.9202837944030762,0.0004398678536578042
775,3452.6079983711243,2.0164735317230225,0.0004378484803941816
776,3456.9053058624268,1.9737987518310547,0.0004358363483134915
777,3461.1645545959473,1.9394251108169556,0.00043383147942008753
778,3465.4466416835785,1.9601391553878784,0.00043183389563889514
779,3469.7283177375793,1.935980200767517,0.0004298436188151703
780,3473.9831540584564,1.9044160842895508,0.00042786067071426176
781,3478.264745950699,1.8930208683013916,0.00042588507302137186
782,3482.541379213333,1.9263086318969727,0.0004239168473413206
783,3486.799308538437,1.8990345001220703,0.00042195601519830867
784,3491.1082575321198,2.0082578659057617,0.00042000259803568244
785,3495.4124183654785,1.9617908000946045,0.0004180566172156989
786,3499.7109639644623,1.9266868829727173,0.0004161180940192924
787,3504.155815601349,1.921328067779541,0.0004141870496458421
788,3508.471887588501,1.9423778057098389,0.00041226350521294
789,3512.732383966446,1.9215154647827148,0.0004103474817561597
790,3517.004297733307,1.930651307106018,0.00040843900022882707
791,3521.349442720413,1.9552457332611084,0.00040653808150178976
792,3525.6344776153564,1.91360604763031,0.00040464474636319077
793,3529.925580263138,2.030500888824463,0.0004027590155182399
794,3534.2278735637665,1.86024010181427,0.0004008809095889875
795,3538.540022134781,1.9207377433776855,0.0003990104491140989
796,3542.8042373657227,1.9798533916473389,0.0003971476545486304
797,3547.0700936317444,1.8830424547195435,0.0003952925462638047
798,3551.356544494629,1.9257845878601074,0.00039344514454678906
799,3555.6521332263947,1.93021559715271,0.00039160546960047277
800,3559.9077908992767,1.91463303565979,0.0003897735415432459
801,3574.3446021080017,1.9648600816726685,0.0003879493804087803
802,3578.5813817977905,1.9653524160385132,0.00038613300614581
803,3582.85400390625,1.9255807399749756,0.00038432443861791284
804,3587.4004542827606,1.9837995767593384,0.0003825236976032938
805,3591.9381890296936,1.9807682037353516,0.00038073080279456777
806,3596.5693802833557,1.9686005115509033,0.0003789457737985452
807,3601.1535046100616,1.9525346755981445,0.00037716863013601736
808,3605.3587412834167,1.9697738885879517,0.00037539939124154264
809,3610.0019414424896,1.883333444595337,0.0003736380764632339
810,3614.5663211345673,1.8989150524139404,0.00037188470506254736
811,3619.1245715618134,1.9087107181549072,0.00037013929621407195
812,3623.6545684337616,1.9026609659194946,0.0003684018690053191
813,3627.8869376182556,1.8777472972869873,0.0003666724424365147
814,3632.3978731632233,1.9006322622299194,0.0003649510354203901
815,3636.957393169403,1.9924342632293701,0.0003632376667819769
816,3641.5356101989746,1.9839036464691162,0.0003615323552584
817,3645.7795617580414,1.8788743019104004,0.0003598351194986729
818,3650.351167201996,1.8503978252410889,0.0003581459780634945
819,3654.934861421585,1.9309790134429932,0.00035646494942504403
820,3659.541354894638,1.9762914180755615,0.00035479205196678194
821,3664.15643453598,1.7974863052368164,0.0003531273039832466
822,3668.4191353321075,1.9614663124084473,0.0003514707236798556
823,3673.0213057994843,1.919189453125,0.00034982232917270533
824,3677.249624967575,1.8823435306549072,0.0003481821384883739
825,3681.502047777176,1.8536510467529297,0.00034655016956372433
826,3685.7346165180206,1.909141182899475,0.0003449264402457069
827,3689.978663921356,1.942798376083374,0.00034331096829116577
828,3694.236593723297,1.9361202716827393,0.0003417037713666428
829,3698.4687838554382,1.8923133611679077,0.00034010486704818665
830,3703.0410220623016,1.916015386581421,0.000338514272821158
831,3707.2578921318054,1.8716199398040771,0.0003369320060800414
832,3711.5160706043243,1.9181855916976929,0.0003353580841282519
833,3715.7782933712006,1.8927730321884155,0.000333792524177948
834,3720.056522846222,1.9633660316467285,0.00033223534334984243
835,3724.314286470413,2.0399224758148193,0.0003306865586730148
836,3728.6286492347717,1.8961353302001953,0.00032914618708472715
837,3732.9254190921783,1.9591032266616821,0.00032761424543023554
838,3737.1495337486267,1.963844656944275,0.00032609075046260874
839,3741.4220056533813,1.9308884143829346,0.000324575718842544
840,3745.6879274845123,1.8639787435531616,0.0003230691671381835
841,3749.9187297821045,1.96220064163208,0.0003215711118249363
842,3754.182258605957,1.9037562608718872,0.00032008156928529463
843,3758.4522755146027,2.002483367919922,0.0003186005558086575
844,3762.6815931797028,1.9067983627319336,0.00031712808759115055
845,3766.9502375125885,1.890232801437378,0.0003156641807354504
846,3771.242728948593,1.8912336826324463,0.0003142088512506083
847,3775.4898347854614,1.9040991067886353,0.00031276211505187396
848,3779.734811782837,1.872199535369873,0.000311323987960523
849,3784.012794971466,1.9528741836547852,0.0003098944857036823
850,3788.2726724147797,1.901318073272705,0.00030847362391415995
851,3792.5299746990204,1.9992282390594482,0.00030706141813027267
852,3796.8069126605988,1.9842312335968018,0.0003056578837956768
853,3801.102650642395,1.9475407600402832,0.0003042630362591989
854,3805.3582785129547,1.9394805431365967,0.00030287689077466794
855,3809.5942323207855,1.8783689737319946,0.0003014994625007494
856,3813.8256611824036,1.9639313220977783,0.0003001307665007777
857,3818.113827943802,1.9462294578552246,0.0002987708177425932
858,3822.3726165294647,1.92670738697052,0.0002974196310983776
859,3826.580764055252,1.87117600440979,0.0002960772213444913
860,3830.8174402713776,1.934570074081421,0.00029474360316131287
861,3835.0843975543976,1.856255054473877,0.00029341879113307674
862,3839.39638876915,1.9963455200195312,0.00029210279974771513
863,3843.6535198688507,1.9534735679626465,0.0002907956433966987
864,3848.19238781929,1.9230657815933228,0.00028949733637488015
865,3852.8197021484375,1.7883827686309814,0.000288207892880337
866,3857.367238998413,1.8838443756103516,0.0002869273270142167
867,3861.919589281082,1.8887156248092651,0.0002856556527805826
868,3866.508850336075,1.864115595817566,0.0002843928840862599
869,3870.783855199814,1.8810288906097412,0.0002831390347406851
870,3875.366047859192,1.9003071784973145,0.00028189411845575376
871,3879.886918067932,1.9537326097488403,0.00028065814884567096
872,3884.464218854904,1.9695055484771729,0.000279431139426802
873,3888.7159690856934,1.8441530466079712,0.00027821310361752556
874,3893.264084339142,1.872206449508667,0.00027700405473808605
875,3897.8143689632416,1.9421502351760864,0.00027580400601044826
876,3902.069073677063,1.8726391792297363,0.00027461297055815314
877,3906.6256005764008,1.8479282855987549,0.000273430961406173
878,3910.882384777069,1.958918809890747,0.00027225799148077094
879,3915.2081727981567,1.914260745048523,0.000271094073609358
880,3919.49284696579,2.011342763900757,0.00026993922052035373
881,3923.741373062134,1.9417107105255127,0.00026879344484304643
882,3928.008465051651,1.902565836906433,0.0002676567591074551
883,3932.2624893188477,1.9938713312149048,0.000266529175744193
884,3936.540795326233,1.845118761062622,0.00026541070708433113
885,3940.9037466049194,1.834026575088501,0.0002643013653592637
886,3945.178697824478,1.8853787183761597,0.0002632011627005738
887,3949.4548609256744,1.8781919479370117,0.0002621101111399016
888,3953.695264339447,1.9294655323028564,0.0002610282226088121
889,3957.9742555618286,1.9034589529037476,0.000259955508938665
890,3962.23646569252,1.9381377696990967,0.00025889198186048536
891,3966.56694483757,1.9375207424163818,0.0002578376530048344
892,3970.944915533066,1.911792278289795,0.0002567925339016839
893,3975.359210729599,1.829236626625061,0.0002557566359802889
894,3979.793464899063,1.9022932052612305,0.00025472997056906303
895,3984.1880083084106,1.9603233337402344,0.0002537125488954549
896,3988.565066099167,1.9246406555175781,0.00025270438208582476
897,3992.9934072494507,1.8963158130645752,0.0002517054811653233
898,3997.3553807735443,1.8817139863967896,0.0002507158570577711
899,4001.7027065753937,1.9522724151611328,0.00024973552058553877
900,4006.0545415878296,1.8601758480072021,0.00024876448246942883
901,4010.337067127228,1.875657320022583,0.00024780275332855864
902,4014.6504712104797,1.943294644355774,0.00024685034368024394
903,4018.97038936615,1.8525254726409912,0.0002459072639398841
904,4023.278336763382,1.9085557460784912,0.0002449735244208482
905,4027.6354007720947,1.8671753406524658,0.00024404913533436183
906,4032.2241792678833,1.8959274291992188,0.00024313410678939603
907,4036.867275238037,1.8352067470550537,0.00024222844879255608
908,4041.5234155654907,1.869493007659912,0.00024133217124797319
909,4045.8674244880676,1.9317020177841187,0.00024044528395719483
910,4050.1816704273224,1.8133149147033691,0.00023956779661907812
911,4054.507823944092,1.887643575668335,0.00023869971882968432
912,4058.8912477493286,1.8704394102096558,0.00023784106008217266
913,4063.208315849304,1.8787609338760376,0.0002369918297666981
914,4067.5813744068146,1.8616827726364136,0.00023615203717030698
915,4071.949628829956,1.938334584236145,0.00023532169147683668
916,4076.2512187957764,1.8728772401809692,0.00023450080176681465
917,4080.6694474220276,1.9182237386703491,0.0002336893770173593
918,4085.060917377472,1.8464672565460205,0.00023288742610208174
919,4089.416332960129,1.8842484951019287,0.00023209495779098855
920,4094.098519563675,1.9670971632003784,0.0002313119807503863
921,4098.7641842365265,1.9316052198410034,0.0002305385035427863
922,4103.447945833206,1.917825698852539,0.00022977453462681165
923,4108.10112118721,1.8398354053497314,0.0002290200823571038
924,4112.777317285538,1.9599225521087646,0.00022827515498423205
925,4117.054421186447,1.9325462579727173,0.00022753976065460266
926,4121.316852092743,2.023392677307129,0.00022681390741037026
927,4125.568063020706,1.8507323265075684,0.00022609760318934968
928,4130.136482477188,1.934676170349121,0.0002253908558249291
929,4134.742616415024,1.8916378021240234,0.00022469367304598446
930,4139.003582000732,1.8189923763275146,0.00022400606247679485
931,4143.307594537735,1.998706579208374,0.0002233280316369592
932,4147.557164669037,1.8770751953125,0.0002226595879413146
933,4151.850357532501,1.9283214807510376,0.00022200073869985373
934,4156.110730648041,1.8452948331832886,0.00022135149111764666
935,4160.687515258789,1.8731286525726318,0.00022071185229476065
936,4165.288503170013,1.885195016860962,0.00022008182922618358
937,4169.905257463455,1.8449749946594238,0.00021946142880174683
938,4174.491699457169,1.8206801414489746,0.00021885065780604982
939,4179.071949958801,1.9177310466766357,0.00021824952291838655
940,4183.646652936935,1.8028552532196045,0.00021765803071267158
941,4187.952996730804,1.8861744403839111,0.0002170761876573692
942,4192.560603618622,1.9220799207687378,0.00021650400011542157
943,4197.108014822006,1.849871039390564,0.00021594147434418027
944,4201.648640394211,1.939812421798706,0.00021538861649533667
945,4206.215576410294,1.8572918176651,0.00021484543261485588
946,4210.486418247223,1.9128494262695312,0.0002143119286429097
947,4214.78089761734,1.961773157119751,0.0002137881104138121
948,4219.06759428978,1.8716436624526978,0.00021327398365595542
949,4223.323388814926,1.847689151763916,0.0002127695539917473
950,4227.614775419235,1.844980239868164,0.0002122748269375499
951,4231.893121004105,1.7412307262420654,0.0002117898079036189
952,4236.159504413605,1.8722007274627686,0.00021131450219404483
953,4240.460599422455,1.8904579877853394,0.00021084891500669484
954,4244.7413210868835,1.9345529079437256,0.00021039305143315568
955,4249.012581110001,1.7612247467041016,0.00020994691645867837
956,4253.281881570816,1.9212207794189453,0.0002095105149621236
957,4257.512132644653,1.928834080696106,0.00020908385171590827
958,4261.741171121597,1.82193922996521,0.0002086669313859531
959,4266.2652423381805,1.9236187934875488,0.00020825975853163206
960,4270.503978729248,1.9954861402511597,0.00020786233760572233
961,4275.1057908535,1.8629823923110962,0.00020747467295435546
962,4279.664099693298,1.9716064929962158,0.00020709676881697003
963,4284.2347157001495,1.9053609371185303,0.00020672862932626492
964,4288.825531244278,1.9259085655212402,0.00020637025850815487
965,4293.116441488266,1.9753541946411133,0.00020602166028172567
966,4297.4413430690765,1.8844223022460938,0.00020568283845919154
967,4301.704019784927,1.834726333618164,0.0002053537967458539
968,4305.981166362762,1.9424715042114258,0.00020503453874005988
969,4310.247784376144,1.8723517656326294,0.0002047250679331642
970,4314.470725774765,1.8975727558135986,0.00020442538770948973
971,4318.715454339981,1.8909697532653809,0.0002041355013462916
972,4323.030212163925,1.8204582929611206,0.00020385541201372063
973,4327.313422679901,1.910629391670227,0.00020358512277478876
974,4331.597523212433,2.004611015319824,0.00020332463658533586
975,4335.886036872864,1.8598703145980835,0.00020307395629399715
976,4340.182094335556,1.8279200792312622,0.00020283308464217215
977,4344.776984453201,1.8380050659179688,0.00020260202426399467
978,4349.37836265564,1.816117286682129,0.00020238077768630408
979,4353.966317176819,1.8638505935668945,0.0002021693473286172
980,4358.597861766815,1.8727060556411743,0.00020196773550310292
981,4363.18333864212,1.8963751792907715,0.0002017759444145556
982,4367.7834668159485,1.9379608631134033,0.00020159397616037198
983,4372.428813934326,1.8300907611846924,0.00020142183273052765
984,4376.94207572937,1.973655343055725,0.00020125951600755566
985,4381.5055639743805,1.8919346332550049,0.00020110702776652574
986,4385.764263391495,1.8671514987945557,0.00020096436967502462
987,4390.302868843079,1.8587710857391357,0.00020083154329313864
988,4394.562037944794,1.8457465171813965,0.00020070855007343555
989,4398.814703464508,1.8784024715423584,0.00020059539136094975
990,4403.067637681961,1.8972889184951782,0.00020049206839316657
991,4407.32500576973,1.8496239185333252,0.00020039858230000963
992,4411.5845148563385,1.9020994901657104,0.00020031493410382765
993,4415.855731964111,1.877943515777588,0.0002002411247193841
994,4420.12598323822,1.8415573835372925,0.00020017715495384653
995,4424.39927482605,1.8852578401565552,0.00020012302550677792
996,4428.712301492691,1.810916543006897,0.00020007873697012944
997,4432.988687515259,1.93215012550354,0.00020004428982823322
998,4437.327404022217,1.8554353713989258,0.00020001968445779788
999,4441.576198339462,1.8353588581085205,0.0002000049211279036
